Index,radii,dVdlnr
0,0.05,0.003192417
1,0.065604,0.00889
2,0.086077,0.021416167
3,0.112939,0.030340167
4,0.148184,0.027676583
5,0.194429,0.01941225
6,0.255105,0.012329417
7,0.334716,0.009806667
8,0.439173,0.011781417
9,0.576227,0.016904417
10,0.756052,0.026390583
11,0.991996,0.046241167
12,1.301571,0.083877333
13,1.707757,0.122659583
14,2.240702,0.1284525
15,2.939966,0.112688333
16,3.857452,0.08632375
17,5.06126,0.053402
18,6.640745,0.025277917
19,8.713145,0.009264083
20,11.432287,0.002725583
21,15.0,0.000740417
